sample	unit	library	flowcell	platform	lane	sample_id	barcode	fq1	fq2	kb1	kb2
T200032	1	Lib-1	HY75HDSX2	ILLUMINA	1	T200032	Lib-1-T200032	fastq_run2/fastq/T200032_T2087_9B_S66_L001_R1_001.fastq.gz	fastq_run2/fastq/T200032_T2087_9B_S66_L001_R2_001.fastq.gz	1394548	1452324
T200245	1	Lib-3	HY75HDSX2	ILLUMINA	3	T200245	Lib-3-T200245	fastq_run2/fastq/T200245_T2089_11G_S87_L003_R1_001.fastq.gz	fastq_run2/fastq/T200245_T2089_11G_S87_L003_R2_001.fastq.gz	1447628	1505900
T200379	1	Lib-2	HFMKHDSX3	ILLUMINA	2	T200379	Lib-2-T200379	fastq_run2/fastq/T200379_T2091_4E_S29_L002_R1_001.fastq.gz	fastq_run2/fastq/T200379_T2091_4E_S29_L002_R2_001.fastq.gz	1743152	1777532
T200387	1	Lib-2	HFMKHDSX3	ILLUMINA	2	T200387	Lib-2-T200387	fastq_run2/fastq/T200387_T2091_5E_S37_L002_R1_001.fastq.gz	fastq_run2/fastq/T200387_T2091_5E_S37_L002_R2_001.fastq.gz	1492632	1541916
T200040	1	Lib-1	HY75HDSX2	ILLUMINA	1	T200040	Lib-1-T200040	fastq_run2/fastq/T200040_T2087_10B_S74_L001_R1_001.fastq.gz	fastq_run2/fastq/T200040_T2087_10B_S74_L001_R2_001.fastq.gz	1486356	1590984
T200423	1	Lib-2	HFMKHDSX3	ILLUMINA	2	T200423	Lib-2-T200423	fastq_run2/fastq/T200423_T2091_10A_S50_L002_R1_001.fastq.gz	fastq_run2/fastq/T200423_T2091_10A_S50_L002_R2_001.fastq.gz	1477024	1574628
SRR23782967	1	ch001	chinook	ILLUMINA	1	SRR23782967	SRR23782967	fastq_run2/fastq/SRR23782967_1.fastq	fastq_run2/fastq/SRR23782967_2.fastq	320000	320000
T144804	1	ch1	HY3LHDSX7	ILLUMINA	2	T144804	AAAGCTAA+CTACGACA	fastq_run2/fastq/T144804_T1512_5F_S65_L002_R1_001.fastq.gz	fastq_run2/fastq/T144804_T1512_5F_S65_L002_R2_001.fastq.gz	1900000	2000000
T144805	1	ch1	HY3LHDSX7	ILLUMINA	2	T144805	ACTTCTGC+CCGGGACT	fastq_run2/fastq/T144805_T1512_5G_S68_L002_R1_001.fastq.gz	fastq_run2/fastq/T144805_T1512_5G_S68_L002_R2_001.fastq.gz	1500000	1700000
T145124	1	ch1	HY3LHDSX7	ILLUMINA	2	T145124	GAGGACAG+GATTCGGC	fastq_run2/fastq/T145124_T1515_9F_S77_L002_R1_001.fastq.gz	fastq_run2/fastq/T145124_T1515_9F_S77_L002_R2_001.fastq.gz	1600000	1700000
T145115	1	ch1	HY3LHDSX7	ILLUMINA	2	T145115	AGCCTGGA+AGCAGACT	fastq_run2/fastq/T145115_T1515_8E_S76_L002_R1_001.fastq.gz	fastq_run2/fastq/T145115_T1515_8E_S76_L002_R2_001.fastq.gz	2000000	2100000
T144959	1	ch1	HY3LHDSX7	ILLUMINA	2	T144959	ATCAAATC+TCATGTAG	fastq_run2/fastq/T144959_T1514_1A_S70_L002_R1_001.fastq.gz	fastq_run2/fastq/T144959_T1514_1A_S70_L002_R2_001.fastq.gz	1700000	1800000
T144960	1	ch1	HY3LHDSX7	ILLUMINA	2	T144960	TTTGAGTC+CTATCCGG	fastq_run2/fastq/T144960_T1514_1B_S71_L002_R1_001.fastq.gz	fastq_run2/fastq/T144960_T1514_1B_S71_L002_R2_001.fastq.gz	1800000	2000000
T145151	1	ch1	HY3LHDSX7	ILLUMINA	2	T145151	TCACTAAC+AGATAGGG	fastq_run2/fastq/T145151_T1516_1A_S79_L002_R1_001.fastq.gz	fastq_run2/fastq/T145151_T1516_1A_S79_L002_R2_001.fastq.gz	1300000	1400000
T145152	1	ch1	HY3LHDSX7	ILLUMINA	2	T145152	TCGATAAG+GGACAACG	fastq_run2/fastq/T145152_T1516_1B_S80_L002_R1_001.fastq.gz	fastq_run2/fastq/T145152_T1516_1B_S80_L002_R2_001.fastq.gz	1500000	1500000
T145082	1	ch1	HY3LHDSX7	ILLUMINA	2	T145082	TAAGCGCA+TTCTACGG	fastq_run2/fastq/T145082_T1515_4D_S74_L002_R1_001.fastq.gz	fastq_run2/fastq/T145082_T1515_4D_S74_L002_R2_001.fastq.gz	2600000	2600000
T145084	1	ch1	HY3LHDSX7	ILLUMINA	2	T145084	CAACGGAA+AGTAGATG	fastq_run2/fastq/T145084_T1515_4F_S75_L002_R1_001.fastq.gz	fastq_run2/fastq/T145084_T1515_4F_S75_L002_R2_001.fastq.gz	2100000	2200000
T148361	1	ch1	HY3LHDSX7	ILLUMINA	2	T148361	CTTTATTC+CCGTTCCA	fastq_run2/fastq/T148361_T1549_6C_S81_L002_R1_001.fastq.gz	fastq_run2/fastq/T148361_T1549_6C_S81_L002_R2_001.fastq.gz	1800000	1900000
T148367	1	ch1	HY3LHDSX7	ILLUMINA	2	T148367	CTGCCTTC+CCGAAGGG	fastq_run2/fastq/T148367_T1549_7A_S82_L002_R1_001.fastq.gz	fastq_run2/fastq/T148367_T1549_7A_S82_L002_R2_001.fastq.gz	1900000	2000000
T148326	1	ch1	HY3LHDSX7	ILLUMINA	2	T148326	AACCAGAG+CTCTGGTT	fastq_run2/fastq/T148326_T1549_1H_S88_L002_R1_001.fastq.gz	fastq_run2/fastq/T148326_T1549_1H_S88_L002_R2_001.fastq.gz	2000000	2000000
T148327	1	ch1	HY3LHDSX7	ILLUMINA	2	T148327	GTCAGTCA+TGACTGAC	fastq_run2/fastq/T148327_T1549_2A_S89_L002_R1_001.fastq.gz	fastq_run2/fastq/T148327_T1549_2A_S89_L002_R2_001.fastq.gz	2700000	2800000
T144879	1	ch1	HY3LHDSX7	ILLUMINA	2	T144879	GCAGAGCC+GATTACTA	fastq_run2/fastq/T144879_T1513_3A_S66_L002_R1_001.fastq.gz	fastq_run2/fastq/T144879_T1513_3A_S66_L002_R2_001.fastq.gz	1900000	2100000
T144893	1	ch1	HY3LHDSX7	ILLUMINA	2	T144893	TTAAGCAG+GTCCAGGA	fastq_run2/fastq/T144893_T1513_4G_S69_L002_R1_001.fastq.gz	fastq_run2/fastq/T144893_T1513_4G_S69_L002_R2_001.fastq.gz	1012000	1100000
T145139	1	ch1	HY3LHDSX7	ILLUMINA	2	T145139	TCGACCTA+TACAACGT	fastq_run2/fastq/T145139_T1515_11E_S67_L002_R1_001.fastq.gz	fastq_run2/fastq/T145139_T1515_11E_S67_L002_R2_001.fastq.gz	1600000	1700000
T145140	1	ch1	HY3LHDSX7	ILLUMINA	2	T145140	CTATCGAA+ATCATAGT	fastq_run2/fastq/T145140_T1515_11F_S78_L002_R1_001.fastq.gz	fastq_run2/fastq/T145140_T1515_11F_S78_L002_R2_001.fastq.gz	1300000	1400000
T145057	1	ch1	HY3LHDSX7	ILLUMINA	2	T145057	AAATCCTC+GGCGGGTT	fastq_run2/fastq/T145057_T1515_1C_S72_L002_R1_001.fastq.gz	fastq_run2/fastq/T145057_T1515_1C_S72_L002_R2_001.fastq.gz	1300000	1400000
T145058	1	ch1	HY3LHDSX7	ILLUMINA	2	T145058	TACAGATG+CACGTTCG	fastq_run2/fastq/T145058_T1515_1D_S73_L002_R1_001.fastq.gz	fastq_run2/fastq/T145058_T1515_1D_S73_L002_R2_001.fastq.gz	2000000	2000000
T204480	1	ch1	HY3LHDSX7 	ILLUMINA	2	T204480	AGGTAGGA+GGCGAACA	fastq_run2/fastq/T204480_T2134_1B_S39_L002_R1_001.fastq.gz	fastq_run2/fastq/T204480_T2134_1B_S39_L002_R2_001.fastq.gz	2000000	2200000
T204485	1	ch1	HY3LHDSX7 	ILLUMINA	1	T204485	TGATAGGC+ACTCAGAC	fastq_run2/fastq/T204485_T2134_1G_S92_L001_R1_001.fastq.gz	fastq_run2/fastq/T204485_T2134_1G_S92_L001_R2_001.fastq.gz	2300000	2400000
T204486	1	ch1	HY3LHDSX7 	ILLUMINA	1	T204486	CACTGTAG+AGTCGCTT	fastq_run2/fastq/T204486_T2134_1H_S87_L001_R1_001.fastq.gz	fastq_run2/fastq/T204486_T2134_1H_S87_L001_R2_001.fastq.gz	1900000	2000000
T204493	1	ch1	HY3LHDSX7 	ILLUMINA	1	T204493	GTCCGATC+GGATTGGC	fastq_run2/fastq/T204493_T2134_2G_S94_L001_R1_001.fastq.gz	fastq_run2/fastq/T204493_T2134_2G_S94_L001_R2_001.fastq.gz	1700000	1700000
T204698	1	ch1	HY3LHDSX7 	ILLUMINA	2	T204698	AAGGAGAC+GTTGTGAG	fastq_run2/fastq/T204698_T2136_4D_S53_L002_R1_001.fastq.gz	fastq_run2/fastq/T204698_T2136_4D_S53_L002_R2_001.fastq.gz	1900000	2000000
T204706	1	ch1	HY3LHDSX7 	ILLUMINA	2	T204706	CTGAGCTC+GCTCTGAT	fastq_run2/fastq/T204706_T2136_5D_S43_L002_R1_001.fastq.gz	fastq_run2/fastq/T204706_T2136_5D_S43_L002_R2_001.fastq.gz	2500000	2500000
T204705	1	ch1	HY3LHDSX7 	ILLUMINA	1	T204705	TAGCACCT+GTTCCAGA	fastq_run2/fastq/T204705_T2136_5C_S82_L001_R1_001.fastq.gz	fastq_run2/fastq/T204705_T2136_5C_S82_L001_R2_001.fastq.gz	1800000	1900000
T204707	1	ch1	HY3LHDSX7 	ILLUMINA	1	T204707	TGAGGACT+GTCTAGTG	fastq_run2/fastq/T204707_T2136_5E_S83_L001_R1_001.fastq.gz	fastq_run2/fastq/T204707_T2136_5E_S83_L001_R2_001.fastq.gz	1500000	1600000
T204501	1	ch1	HY3LHDSX7 	ILLUMINA	2	T204501	TCGCGCAA+TGCCTTGT	fastq_run2/fastq/T204501_T2134_3G_S40_L002_R1_001.fastq.gz	fastq_run2/fastq/T204501_T2134_3G_S40_L002_R2_001.fastq.gz	2000000	2200000
T204496	1	ch1	HY3LHDSX7 	ILLUMINA	1	T204496	GTGCACGA+GCCTATCA	fastq_run2/fastq/T204496_T2134_3B_S88_L001_R1_001.fastq.gz	fastq_run2/fastq/T204496_T2134_3B_S88_L001_R2_001.fastq.gz	1800000	1900000
T204498	1	ch1	HY3LHDSX7 	ILLUMINA	1	T204498	GAACGGTT+ATTCCTCC	fastq_run2/fastq/T204498_T2134_3D_S67_L001_R1_001.fastq.gz	fastq_run2/fastq/T204498_T2134_3D_S67_L001_R2_001.fastq.gz	1900000	2000000
T204500	1	ch1	HY3LHDSX7 	ILLUMINA	1	T204500	AACACCAC+CTCACACC	fastq_run2/fastq/T204500_T2134_3F_S93_L001_R1_001.fastq.gz	fastq_run2/fastq/T204500_T2134_3F_S93_L001_R2_001.fastq.gz	2100000	2200000
T169607	1	ch1	HY3LHDSX7 	ILLUMINA	2	T169607	CTCGAAAT+CTTACCTG	fastq_run2/fastq/T169607_T1770_10A_S41_L002_R1_001.fastq.gz	fastq_run2/fastq/T169607_T1770_10A_S41_L002_R2_001.fastq.gz	2100000	2200000
T169892	1	ch1	HY3LHDSX7 	ILLUMINA	1	T169892	ATTCGAGC+CAACCTAG	fastq_run2/fastq/T169892_T1773_9F_S71_L001_R1_001.fastq.gz	fastq_run2/fastq/T169892_T1773_9F_S71_L001_R2_001.fastq.gz	1700000	1800000
T204786	1	ch1	HY3LHDSX7 	ILLUMINA	1	T204786	GAGTCGAT+TGCATAGG	fastq_run2/fastq/T204786_T2137_3D_S85_L001_R1_001.fastq.gz	fastq_run2/fastq/T204786_T2137_3D_S85_L001_R2_001.fastq.gz	2500000	2600000
T204568	1	ch1	HY3LHDSX7 	ILLUMINA	2	T204568	CAGGTAAG+ATTTCGAG	fastq_run2/fastq/T204568_T2134_12B_S52_L002_R1_001.fastq.gz	fastq_run2/fastq/T204568_T2134_12B_S52_L002_R2_001.fastq.gz	2200000	2300000
T169854	1	ch1	HY3LHDSX7 	ILLUMINA	1	T169854	GCACACAA+TCGTCAAG	fastq_run2/fastq/T169854_T1773_4H_S69_L001_R1_001.fastq.gz	fastq_run2/fastq/T169854_T1773_4H_S69_L001_R2_001.fastq.gz	1600000	1700000
T204615	1	ch1	HY3LHDSX7 	ILLUMINA	2	T204615	CTCACAAC+GTCTCCTT	fastq_run2/fastq/T204615_T2135_6A_S42_L002_R1_001.fastq.gz	fastq_run2/fastq/T204615_T2135_6A_S42_L002_R2_001.fastq.gz	2700000	2800000
T204543	1	ch1	HY3LHDSX7 	ILLUMINA	1	T204543	GAGGACCA+ACCGGCAT	fastq_run2/fastq/T204543_T2134_9A_S95_L001_R1_001.fastq.gz	fastq_run2/fastq/T204543_T2134_9A_S95_L001_R2_001.fastq.gz	2500000	2600000
T204610	1	ch1	HY3LHDSX7 	ILLUMINA	1	T204610	ATGTTCCT+GGCGCTGA	fastq_run2/fastq/T204610_T2135_5D_S89_L001_R1_001.fastq.gz	fastq_run2/fastq/T204610_T2135_5D_S89_L001_R2_001.fastq.gz	2100000	2300000
T204735	1	ch1	HY3LHDSX7 	ILLUMINA	1	T204735	TTCCCGAA+TAACGCAA	fastq_run2/fastq/T204735_T2136_9A_S84_L001_R1_001.fastq.gz	fastq_run2/fastq/T204735_T2136_9A_S84_L001_R2_001.fastq.gz	1600000	1700000
T169585	1	ch1	HY3LHDSX7 	ILLUMINA	1	T169585	TTACGTGC+CAAGGTCT	fastq_run2/fastq/T169585_T1770_7C_S60_L001_R1_001.fastq.gz	fastq_run2/fastq/T169585_T1770_7C_S60_L001_R2_001.fastq.gz	2100000	2300000
T169873	1	ch1	HY3LHDSX7 	ILLUMINA	1	T169873	GTCAGTAT+AGGCTTCT	fastq_run2/fastq/T169873_T1773_7C_S70_L001_R1_001.fastq.gz	fastq_run2/fastq/T169873_T1773_7C_S70_L001_R2_001.fastq.gz	2300000	2400000
T169710	1	ch1	HY3LHDSX7 	ILLUMINA	1	T169710	AAGGAAGG+ACTCCGGT	fastq_run2/fastq/T169710_T1771_10H_S68_L001_R1_001.fastq.gz	fastq_run2/fastq/T169710_T1771_10H_S68_L001_R2_001.fastq.gz	1900000	2000000
T169611	1	ch1	HY3LHDSX7 	ILLUMINA	1	T169611	AGCTAAGC+GTAACGAC	fastq_run2/fastq/T169611_T1770_10E_S61_L001_R1_001.fastq.gz	fastq_run2/fastq/T169611_T1770_10E_S61_L001_R2_001.fastq.gz	1400000	1500000
T204632	1	ch1	HY3LHDSX7 	ILLUMINA	1	T204632	CATTATGG+ATGTGACT	fastq_run2/fastq/T204632_T2135_8B_S90_L001_R1_001.fastq.gz	fastq_run2/fastq/T204632_T2135_8B_S90_L001_R2_001.fastq.gz	1300000	1400000
T204635	1	ch1	HY3LHDSX7 	ILLUMINA	1	T204635	TCTTGTTT+GTGAAAGG	fastq_run2/fastq/T204635_T2135_8E_S91_L001_R1_001.fastq.gz	fastq_run2/fastq/T204635_T2135_8E_S91_L001_R2_001.fastq.gz	1900000	2000000
T204641	1	ch1	HY3LHDSX7 	ILLUMINA	1	T204641	TCCCACGA+CTATTGAA	fastq_run2/fastq/T204641_T2135_9C_S80_L001_R1_001.fastq.gz	fastq_run2/fastq/T204641_T2135_9C_S80_L001_R2_001.fastq.gz	2800000	2900000
T204655	1	ch1	HY3LHDSX7 	ILLUMINA	1	T204655	ACCAACAG+GAGCAAAC	fastq_run2/fastq/T204655_T2135_11A_S81_L001_R1_001.fastq.gz	fastq_run2/fastq/T204655_T2135_11A_S81_L001_R2_001.fastq.gz	1800000	1900000
T204657	1	ch1	HY3LHDSX7 	ILLUMINA	1	T204657	CGCTCTTA+ACGGTATG	fastq_run2/fastq/T204657_T2135_11C_S96_L001_R1_001.fastq.gz	fastq_run2/fastq/T204657_T2135_11C_S96_L001_R2_001.fastq.gz	1900000	2000000
											